{
    "gui": [
        {
            "name": "maskTimer",
            "x": 15.999994277954102,
            "y": 158.01513671875,
            "scale": 1.5208749999999998
        }
    ]
}